Time,FPz,Cz
0.0000,-35.7975,14.9908
7.8125,-21.3264,34.1841
15.6250,-26.2818,25.0903
23.4375,-25.5541,30.0770
31.2500,-26.9865,27.4662
39.0625,-18.6908,25.7856
46.8750,-30.4562,2.4578
54.6875,-26.1742,-3.2792
62.5000,-22.7446,-12.2169
70.3125,-15.6151,-4.5103
78.1250,-20.0341,8.7168
85.9375,-17.3920,14.0989
93.7500,-12.4494,15.0163
101.5625,-11.0360,23.1963
109.3750,-6.4353,40.8210
117.1875,-8.6176,42.7605
125.0000,-7.3137,41.5254
132.8125,-28.5929,11.6461
140.6250,-31.8592,-1.6828
148.4375,-32.6046,-12.7462
156.2500,-28.3041,-16.9363
164.0625,-32.2157,-19.7733
171.8750,-23.8400,-1.1704
179.6875,-29.8622,2.1150
187.5000,-26.7345,13.9820
195.3125,-27.2372,21.3653
203.1250,-14.7933,32.1936
210.9375,-4.8636,37.9487
218.7500,-7.3239,43.2319
226.5625,-17.6058,39.5711
234.3750,-25.2662,20.4452
242.1875,-25.3215,3.2757
250.0000,-29.6829,-4.0846
257.8125,-23.6581,7.1682
265.6250,-36.5515,7.1875
273.4375,-34.3172,30.8957
281.2500,-38.6235,29.2703
289.0625,-34.8867,29.9967
296.8750,-36.3477,20.9091
304.6875,-33.3422,14.1987
312.5000,-39.7751,-3.6957
320.3125,-25.1907,-3.7975
328.1250,-26.2142,-15.1012
335.9375,-27.4596,-18.0156
343.7500,-19.5134,-6.6504
351.5625,-24.7277,-2.6550
359.3750,-27.2525,5.7896
367.1875,-28.4437,8.2537
375.0000,-29.4260,19.6234
382.8125,-42.3297,18.6915
390.6250,-35.2736,27.1717
398.4375,-35.4570,13.6510
406.2500,-30.6567,10.0303
414.0625,-36.4104,1.2235
421.8750,-30.1532,11.3501
429.6875,-33.5741,9.9744
437.5000,-24.4347,20.3867
445.3125,-16.9391,27.1184
453.1250,-8.8536,38.0176
460.9375,-15.2674,42.3304
468.7500,-25.3181,37.5376
476.5625,-25.1714,33.5799
484.3750,-27.0307,22.7451
492.1875,-26.4932,21.3353
500.0000,-35.2283,5.8149
507.8125,-34.0925,2.3998
515.6250,-44.8696,-5.3931
523.4375,-36.3979,6.8599
531.2500,-34.9159,4.8440
539.0625,-29.1889,19.9754
546.8750,-43.0437,11.9465
554.6875,-40.4941,10.5999
562.5000,-44.1786,3.1102
570.3125,-44.3564,0.5129
578.1250,-46.7722,1.7335
585.9375,-45.8846,-7.3679
593.7500,-52.1444,-15.3888
601.5625,-56.5047,-6.9047
609.3750,-50.4932,-1.3480
617.1875,-55.3138,-4.2644
625.0000,-50.0541,8.0103
632.8125,-55.5779,-1.7276
640.6250,-42.5012,9.6934
648.4375,-41.0660,7.7076
656.2500,-39.7592,14.6834
664.0625,-54.5316,9.4593
671.8750,-53.8734,15.5502
679.6875,-57.5498,-0.2895
687.5000,-48.1865,0.0950
695.3125,-45.7768,7.6285
703.1250,-49.7756,9.0503
710.9375,-54.1636,6.3781
718.7500,-60.8420,2.1274
726.5625,-50.4357,12.1300
734.3750,-48.9058,15.6011
742.1875,-46.3933,20.8843
750.0000,-48.8650,20.4684
757.8125,-45.1977,32.8330
765.6250,-48.6424,21.4434
773.4375,-39.9257,22.6565
781.2500,-46.5238,15.7209
789.0625,-31.2342,21.2563
796.8750,-45.1673,5.0140
804.6875,-56.1199,-0.0265
812.5000,-36.8505,-8.1364
820.3125,-30.6434,-8.9722
828.1250,-46.8269,-5.7822
835.9375,-42.1340,7.4853
843.7500,-35.1700,14.5751
851.5625,-44.6196,7.1683
859.3750,-44.2779,11.1084
867.1875,-52.3473,-5.1075
875.0000,-54.7924,-7.6296
882.8125,-57.0312,-18.6185
890.6250,-47.7892,-23.9038
898.4375,-57.9647,-39.3193
906.2500,-54.8843,-24.5159
914.0625,-55.3844,-20.2701
921.8750,-41.5820,-8.6721
929.6875,-49.2205,-0.3952
937.5000,-51.0657,0.8206
945.3125,-50.9887,-2.9247
953.1250,-47.0813,1.0995
960.9375,-42.6837,-1.1707
968.7500,-44.6977,-2.6372
976.5625,-47.9254,-1.8049
984.3750,-59.1768,-14.3346
992.1875,-52.2522,-14.8881
1000.0000,-48.5061,-14.8096
1007.8125,-38.7649,4.8028
1015.6250,-50.1875,0.4847
1023.4375,-41.0473,2.8794
1031.2500,-50.0354,-5.8859
1039.0625,-47.9088,12.8413
1046.8750,-50.8458,11.7891
1054.6875,-51.6756,5.8691
1062.5000,-57.5868,-7.3702
1070.3125,-57.4268,-10.9227
1078.1250,-50.8329,-14.4947
1085.9375,-52.5474,-10.7616
1093.7500,-56.0388,-6.6237
1101.5625,-35.9290,-11.2962
1109.3750,-27.2521,-6.2491
1117.1875,-46.6499,-11.8981
1125.0000,-42.2210,1.5933
1132.8125,-53.3722,-10.5370
1140.6250,-55.5184,-14.9365
1148.4375,-64.3770,-21.7263
1156.2500,-51.7546,-13.7415
1164.0625,-48.0912,-24.6404
1171.8750,-39.2421,-19.8820
1179.6875,-38.3060,-25.1908
1187.5000,-39.0506,-29.0997
1195.3125,-39.3953,-21.3788
1203.1250,-29.5800,2.3757
1210.9375,-27.5513,14.6203
1218.7500,-33.5933,9.7088
1226.5625,-35.5818,11.2542
1234.3750,-37.8704,3.7002
1242.1875,-23.4230,16.8212
1250.0000,-23.4602,18.9911
1257.8125,-13.1020,26.6437
1265.6250,-20.4061,18.2945
1273.4375,-12.9386,28.2857
1281.2500,-3.6956,17.8452
1289.0625,5.5998,23.7223
1296.8750,-9.8781,22.5239
1304.6875,-12.6170,33.2236
1312.5000,-11.8045,41.6477
1320.3125,-14.3103,48.8668
1328.1250,-10.1580,55.0764
1335.9375,-4.5727,50.3448
1343.7500,-10.2047,42.4288
1351.5625,-16.6876,25.4244
1359.3750,5.1860,19.0800
1367.1875,4.3762,18.3523
1375.0000,14.6585,22.7128
1382.8125,12.3185,24.6303
1390.6250,17.4882,37.4946
1398.4375,16.0029,45.1723
1406.2500,14.1310,52.4220
1414.0625,21.5848,59.5457
1421.8750,10.3547,53.5271
1429.6875,15.5856,64.2678
1437.5000,18.1441,57.6800
1445.3125,21.1623,60.4273
1453.1250,14.7851,49.6565
1460.9375,16.6325,49.0357
1468.7500,2.4675,41.0923
1476.5625,10.2635,50.1300
1484.3750,13.0323,53.3844
1492.1875,16.5569,61.0948
1500.0000,6.7215,56.3518
1507.8125,2.2557,60.0701
1515.6250,6.7560,66.6255
1523.4375,14.1114,66.1630
1531.2500,20.2898,60.4261
1539.0625,17.9687,53.8090
1546.8750,26.9570,58.7821
1554.6875,29.2775,58.6634
1562.5000,31.8232,68.7100
1570.3125,19.1246,60.3322
1578.1250,22.3203,65.4460
1585.9375,10.5837,56.0586
1593.7500,12.0161,62.8643
1601.5625,5.5827,50.5666
1609.3750,2.5048,48.0996
1617.1875,-12.2682,38.2008
1625.0000,-3.4932,38.0207
1632.8125,3.0340,35.2744
1640.6250,9.1280,36.4157
1648.4375,14.4605,39.0886
1656.2500,6.1353,31.7288
1664.0625,6.6208,30.8087
1671.8750,2.9486,29.2660
1679.6875,3.3134,29.9498
1687.5000,-10.9444,17.9369
1695.3125,-8.1199,25.8487
1703.1250,-11.6379,13.5590
1710.9375,-8.6792,15.4536
1718.7500,-19.8857,13.5065
1726.5625,-9.6500,22.6511
1734.3750,-13.4647,15.1740
1742.1875,-15.3469,14.9929
1750.0000,-22.8584,8.0825
1757.8125,-24.2212,14.9890
1765.6250,-17.0957,19.1629
1773.4375,-16.6881,7.2615
1781.2500,-7.4450,10.1835
1789.0625,-3.7428,9.5647
1796.8750,-12.7593,11.0921
1804.6875,-21.6901,7.3772
1812.5000,-4.1109,22.8197
1820.3125,-1.7906,25.6895
1828.1250,1.3084,36.3352
1835.9375,-6.3278,26.7427
1843.7500,2.2794,28.9061
1851.5625,-7.7759,19.2863
1859.3750,-9.5374,16.8423
1867.1875,-16.6799,2.2021
1875.0000,-17.6860,-0.0564
1882.8125,-11.9214,1.1418
1890.6250,-7.0377,6.3432
1898.4375,-5.3423,24.4962
1906.2500,-6.5533,28.6075
1914.0625,-2.7595,31.9585
1921.8750,-1.8675,33.6332
1929.6875,8.6427,39.6140
1937.5000,3.0791,24.9477
1945.3125,13.8752,25.1278
1953.1250,9.4482,13.6831
1960.9375,16.4577,30.0762
1968.7500,14.9520,20.1212
1976.5625,19.9601,14.4140
1984.3750,12.4039,4.8901
1992.1875,8.8509,3.3146
2000.0000,6.4655,9.3191
2007.8125,2.2632,22.7744
2015.6250,1.8056,31.9887
2023.4375,5.5148,39.6561
2031.2500,4.6391,42.0108
2039.0625,8.3073,28.7472
2046.8750,27.1132,32.3399
2054.6875,25.2489,32.5587
2062.5000,38.4241,44.0601
2070.3125,32.5652,38.8787
2078.1250,28.7605,50.5189
2085.9375,23.8712,54.6090
2093.7500,33.9508,74.4306
2101.5625,27.3721,73.2303
2109.3750,33.1977,75.9609
2117.1875,31.0751,76.6258
2125.0000,36.2403,82.4705
2132.8125,35.8776,79.9497
2140.6250,29.4514,72.0399
2148.4375,29.7174,71.9575
2156.2500,19.7936,66.5769
2164.0625,12.9401,63.1463
2171.8750,12.2818,54.0674
2179.6875,28.6682,63.8655
2187.5000,22.5453,52.3036
2195.3125,28.8424,59.6360
2203.1250,24.9483,49.1674
2210.9375,21.2134,37.1874
2218.7500,11.8135,22.8355
2226.5625,27.3218,36.1710
2234.3750,22.9586,26.1838
2242.1875,24.9685,28.3994
2250.0000,22.7271,30.9732
2257.8125,15.9780,26.5194
2265.6250,14.3840,34.8150
2273.4375,8.1927,33.4326
2281.2500,9.2724,30.0497
2289.0625,7.1551,31.6708
2296.8750,18.7636,40.0074
2304.6875,8.5955,32.8671
2312.5000,11.9482,45.3412
2320.3125,9.2566,38.0622
2328.1250,9.3154,41.9950
2335.9375,2.6186,36.0643
2343.7500,13.9478,45.3962
2351.5625,8.6720,35.6981
2359.3750,9.3365,30.9408
2367.1875,17.9216,32.1859
2375.0000,27.9281,42.6558
2382.8125,28.5491,46.6227
2390.6250,24.1495,40.8473
2398.4375,27.5085,40.5970
2406.2500,24.3465,31.4049
2414.0625,26.3570,26.6798
2421.8750,24.0780,22.8473
2429.6875,28.5787,27.8861
2437.5000,16.7248,19.1863
2445.3125,17.6261,34.5306
2453.1250,18.4712,33.9250
2460.9375,27.7098,43.3647
2468.7500,19.8744,43.1566
2476.5625,23.6570,49.0042
2484.3750,24.3366,45.7596
2492.1875,33.5950,52.0467
2500.0000,37.4054,51.7093
2507.8125,27.4076,45.2114
2515.6250,23.5976,44.4987
2523.4375,30.7728,52.8330
2531.2500,38.9729,64.3831
2539.0625,26.8279,49.3782
2546.8750,30.9291,56.7087
2554.6875,11.8367,34.5889
2562.5000,23.2080,40.5926
2570.3125,14.9432,31.1748
2578.1250,25.2901,38.2548
2585.9375,22.2308,27.9860
2593.7500,15.0397,20.8336
2601.5625,-0.9738,13.3946
2609.3750,-9.1891,20.6596
2617.1875,-8.9441,22.6076
2625.0000,-9.8655,31.8660
2632.8125,-2.0178,45.0263
2640.6250,-8.0435,30.0842
2648.4375,-9.4656,32.5312
2656.2500,-17.8797,38.4470
2664.0625,-22.4611,38.6811
2671.8750,-12.4676,7.7331
2679.6875,-3.1065,2.5341
2687.5000,-3.6202,9.6503
2695.3125,3.4198,25.1085
2703.1250,-22.7660,22.3526
2710.9375,-16.0364,37.3681
2718.7500,-24.8608,34.5543
2726.5625,-22.0252,34.3289
2734.3750,-18.1550,20.6345
2742.1875,-28.1122,11.3496
2750.0000,-31.9456,9.9932
2757.8125,-33.2298,0.5780
2765.6250,-26.7877,-2.5275
2773.4375,-23.0843,1.4242
2781.2500,-14.0962,12.3078
2789.0625,-12.3746,13.4933
2796.8750,-11.5437,29.2023
2804.6875,-31.2644,27.6651
2812.5000,-22.3387,40.8322
2820.3125,-21.0623,30.5739
2828.1250,-23.6711,34.7247
2835.9375,-28.2339,35.0074
2843.7500,-34.6884,26.5519
2851.5625,-31.8426,16.0254
2859.3750,-21.1702,26.2478
2867.1875,-25.5062,24.9719
2875.0000,-27.1673,34.2619
2882.8125,-27.0117,32.7357
2890.6250,-13.7396,17.5024
2898.4375,-28.0090,13.5757
2906.2500,-42.5162,14.6018
2914.0625,-33.1616,35.1953
2921.8750,-51.5980,26.0107
2929.6875,-44.0166,31.1713
2937.5000,-58.4174,7.2579
2945.3125,-79.5812,-1.5926
2953.1250,-86.6399,-23.6819
2960.9375,-75.1479,-35.2648
2968.7500,-59.5876,-22.2793
2976.5625,-42.6942,-1.8401
2984.3750,-56.9718,-8.1474
2992.1875,-56.7422,-1.5895
3000.0000,-40.3683,16.3901
3007.8125,-58.2450,5.8418
3015.6250,-68.3849,7.1506
3023.4375,-58.8897,6.9264
3031.2500,-60.0566,-3.0803
3039.0625,-78.6011,-17.0588
3046.8750,-73.7741,-8.7994
3054.6875,-80.2410,-36.4558
3062.5000,-63.5500,-41.4300
3070.3125,-72.7827,-39.8202
3078.1250,-65.5492,-16.2910
3085.9375,-66.9534,-5.7805
3093.7500,-79.9108,7.4052
3101.5625,-71.9284,25.2153
3109.3750,-53.4377,41.9995
3117.1875,-56.3843,40.6409
3125.0000,-58.6740,41.7991
3132.8125,-58.5079,32.0261
3140.6250,-59.9090,4.0081
3148.4375,-52.5565,-10.3687
3156.2500,-52.4931,-21.2197
3164.0625,-39.7670,-11.5447
3171.8750,-44.0518,-11.0890
3179.6875,-50.8325,-8.6197
3187.5000,-66.4058,-15.2519
3195.3125,-64.2583,-1.2093
3203.1250,-76.0359,-16.5004
3210.9375,-74.5153,-13.1298
3218.7500,-78.5793,-11.1429
3226.5625,-74.0877,5.4660
3234.3750,-63.5980,20.0662
3242.1875,-44.7485,20.9480
3250.0000,-36.0654,-0.3010
3257.8125,-39.6159,-33.0906
3265.6250,-28.1269,-33.5772
3273.4375,-14.0683,-13.1163
3281.2500,-1.3701,18.2284
3289.0625,-1.2066,36.7033
3296.8750,3.2457,67.5194
3304.6875,-19.0424,65.4365
3312.5000,-31.9590,46.3148
3320.3125,-55.1389,3.8498
3328.1250,-61.2357,-4.5473
3335.9375,-67.4660,-12.9068
3343.7500,-59.4822,-12.3816
3351.5625,-57.3247,-21.6872
3359.3750,-43.8629,-21.5795
3367.1875,-30.8099,-17.0395
3375.0000,-13.1064,-7.1302
3382.8125,8.9503,21.3803
3390.6250,25.0247,49.5225
3398.4375,31.9583,69.2207
3406.2500,25.6546,64.4298
3414.0625,18.2598,62.1216
3421.8750,-7.6733,40.0735
3429.6875,-1.9743,40.9478
3437.5000,-11.2823,17.0965
3445.3125,-10.6757,8.3795
3453.1250,-14.6276,2.1734
3460.9375,-9.0746,3.2110
3468.7500,-10.7328,4.3903
3476.5625,5.6876,22.3891
3484.3750,21.7277,36.9654
3492.1875,23.2787,48.0808
3500.0000,29.5814,66.1394
3507.8125,36.7636,72.7302
3515.6250,36.9926,74.8620
3523.4375,20.7712,59.7866
3531.2500,11.1433,52.8096
3539.0625,3.3450,34.5289
3546.8750,11.2358,37.6254
3554.6875,6.9439,29.9776
3562.5000,13.0199,35.0844
3570.3125,5.9471,18.9794
3578.1250,14.7125,16.2220
3585.9375,5.5665,11.0815
3593.7500,4.0751,18.5623
3601.5625,6.2626,28.3732
3609.3750,10.8470,36.7487
3617.1875,3.1327,37.3000
3625.0000,-9.6875,38.8751
3632.8125,-13.4895,37.8509
3640.6250,-19.6098,32.5372
3648.4375,-13.9730,36.3224
3656.2500,-15.0689,25.0480
3664.0625,-7.0130,38.6517
3671.8750,-18.3114,21.8548
3679.6875,-5.5366,26.2752
3687.5000,-7.1427,22.0797
3695.3125,-7.1431,27.1273
3703.1250,46.2192,23.4574
3710.9375,58.8876,33.6684
3718.7500,54.2854,30.6449
3726.5625,59.2255,43.0060
3734.3750,51.7271,37.4287
3742.1875,63.0410,45.7091
3750.0000,58.1049,37.5877
3757.8125,59.7242,42.5840
3765.6250,58.5684,40.7865
3773.4375,60.5169,36.1987
3781.2500,60.9086,30.5652
3789.0625,61.8416,28.5157
3796.8750,58.4131,27.7683
3804.6875,59.1750,28.6732
3812.5000,73.1026,47.8507
3820.3125,73.7615,46.8926
3828.1250,79.3568,56.3985
3835.9375,75.4617,48.6064
3843.7500,76.0924,50.1548
3851.5625,77.0116,52.2460
3859.3750,84.8422,64.3358
3867.1875,71.5767,52.7317
3875.0000,80.5075,57.6141
3882.8125,72.9193,47.5551
3890.6250,75.8874,54.6998
3898.4375,75.5117,56.3821
3906.2500,73.8873,57.5967
3914.0625,78.0951,63.9252
3921.8750,69.4035,56.2702
3929.6875,70.7617,52.8659
3937.5000,74.9539,48.5830
3945.3125,72.5295,49.1878
3953.1250,65.4908,37.4198
3960.9375,71.6776,42.9618
3968.7500,73.3119,41.9350
3976.5625,81.3640,45.6098
3984.3750,71.8045,33.1473
3992.1875,74.4928,42.4745
4000.0000,62.9904,34.7680
4007.8125,67.7693,40.2762
4015.6250,60.8079,42.0038
4023.4375,63.4795,45.6758
4031.2500,68.9664,39.9485
4039.0625,71.3709,34.0294
4046.8750,87.1335,30.6570
4054.6875,117.4129,22.2621
4062.5000,197.6155,29.1827
4070.3125,284.9942,49.4752
4078.1250,355.4568,67.0755
4085.9375,391.3994,60.4905
4093.7500,402.3068,72.3407
4101.5625,376.0045,55.9460
4109.3750,354.4849,52.7376
4117.1875,308.4607,34.0828
4125.0000,282.1581,25.9074
4132.8125,254.2573,27.6061
4140.6250,233.5261,38.0759
4148.4375,201.6547,29.4602
4156.2500,173.7948,29.6216
4164.0625,147.4305,36.1592
4171.8750,124.2321,38.8203
4179.6875,113.4591,44.1156
4187.5000,97.1767,42.8389
4195.3125,96.3101,54.1542
4203.1250,92.4075,52.9420
4210.9375,99.6328,61.4476
4218.7500,85.7007,54.0320
4226.5625,79.6091,54.4559
4234.3750,74.4347,44.2908
4242.1875,90.2771,61.3479
4250.0000,75.5413,52.6081
4257.8125,59.6121,52.9372
4265.6250,56.9147,50.8368
4273.4375,49.8703,48.7198
4281.2500,40.7639,44.6532
4289.0625,35.6934,35.9281
4296.8750,27.5897,36.7843
4304.6875,22.3923,33.9331
4312.5000,22.8090,32.9743
4320.3125,19.7572,28.5946
4328.1250,28.3202,44.4401
4335.9375,16.9976,37.4563
4343.7500,24.4607,48.1077
4351.5625,28.1388,50.9303
4359.3750,40.2286,58.2122
4367.1875,29.7456,53.9045
4375.0000,27.9047,54.7103
4382.8125,24.9394,45.3233
4390.6250,20.7639,53.4506
4398.4375,7.2590,47.1159
4406.2500,6.8576,47.5443
4414.0625,12.5595,54.8687
4421.8750,13.2587,54.2914
4429.6875,14.4524,61.5670
4437.5000,16.1649,62.1844
4445.3125,29.0466,68.2367
4453.1250,30.2140,61.8553
4460.9375,35.0655,73.8101
4468.7500,27.3786,73.9125
4476.5625,54.5388,78.0826
4484.3750,43.5747,66.8793
4492.1875,40.1801,69.9309
4500.0000,35.6459,61.2380
4507.8125,30.6584,62.7019
4515.6250,23.1466,47.9749
4523.4375,26.9961,50.6456
4531.2500,27.2337,59.9094
4539.0625,22.3655,57.5798
4546.8750,31.5461,67.9314
4554.6875,33.6582,63.8950
4562.5000,35.9456,66.2235
4570.3125,29.4214,57.8306
4578.1250,31.9601,58.3519
4585.9375,25.9749,55.1605
4593.7500,27.1159,68.0149
4601.5625,23.5660,63.8661
4609.3750,34.0124,63.3641
4617.1875,19.4111,52.2471
4625.0000,24.3346,59.2441
4632.8125,28.7392,58.1666
4640.6250,33.9294,66.5070
4648.4375,32.1561,68.9626
4656.2500,27.8263,77.2801
4664.0625,21.7364,84.6116
4671.8750,15.6040,77.1618
4679.6875,19.9577,81.6459
4687.5000,19.3759,77.7509
4695.3125,18.0543,72.5475
4703.1250,12.1993,61.1806
4710.9375,25.5765,74.9545
4718.7500,11.0933,58.8305
4726.5625,23.1645,69.1734
4734.3750,26.0565,74.6605
4742.1875,26.5373,82.2287
4750.0000,27.4676,86.9194
4757.8125,29.3260,89.0380
4765.6250,20.9215,73.9062
4773.4375,27.4808,67.2122
4781.2500,20.5213,65.7405
4789.0625,21.0163,67.7643
4796.8750,24.5986,58.2899
4804.6875,16.1541,48.2720
4812.5000,28.3718,67.2831
4820.3125,17.8837,57.8092
4828.1250,14.3508,61.2791
4835.9375,10.3252,58.2875
4843.7500,17.6698,60.8285
4851.5625,14.0935,59.3160
4859.3750,21.4726,74.4414
4867.1875,12.7458,64.6770
4875.0000,13.3527,60.2111
4882.8125,4.0389,48.4927
4890.6250,-1.9890,44.8394
4898.4375,2.0672,49.4289
4906.2500,6.7134,57.0159
4914.0625,1.8421,59.2182
4921.8750,5.1656,65.3104
4929.6875,13.2406,83.4612
4937.5000,8.5590,85.8502
4945.3125,18.1677,93.4539
4953.1250,14.0126,79.6972
4960.9375,27.6240,82.0932
4968.7500,21.2543,56.7491
4976.5625,20.2194,37.1636
4984.3750,21.9349,26.4461
4992.1875,24.8395,40.6384
5000.0000,11.0935,52.1356
5007.8125,13.6523,81.5439
5015.6250,13.0067,96.1571
5023.4375,14.3435,103.0109
5031.2500,15.5039,104.8671
5039.0625,12.9995,105.1049
5046.8750,20.0974,110.6522
5054.6875,20.0664,95.4969
5062.5000,27.3659,90.1456
5070.3125,20.2790,70.7309
5078.1250,21.0538,67.2580
5085.9375,7.6213,64.3070
5093.7500,16.8703,91.2346
5101.5625,11.7996,98.2279
5109.3750,12.6110,111.2515
5117.1875,8.1547,106.9114
5125.0000,4.5732,98.5971
5132.8125,-4.4374,90.8814
5140.6250,-9.3287,82.0247
5148.4375,-10.5690,69.5898
5156.2500,-2.3879,61.4417
5164.0625,10.7676,60.6083
5171.8750,11.2660,58.6848
5179.6875,23.3434,70.8176
5187.5000,27.3834,74.7319
5195.3125,28.4686,81.5007
5203.1250,15.6543,67.8224
5210.9375,11.0009,73.5507
5218.7500,2.7911,66.8399
5226.5625,6.5318,65.6321
5234.3750,-7.0862,48.5060
5242.1875,9.6071,55.3482
5250.0000,22.4920,52.4161
5257.8125,25.5406,54.5745
5265.6250,22.3878,64.9562
5273.4375,25.8502,76.5293
5281.2500,32.8877,86.6167
5289.0625,28.5752,81.2114
5296.8750,24.6618,80.0342
5304.6875,9.5143,61.3653
5312.5000,10.2235,49.2137
5320.3125,4.8358,28.6162
5328.1250,6.5312,25.9505
5335.9375,-0.5771,15.1506
5343.7500,2.9179,26.0871
5351.5625,0.6155,26.8993
5359.3750,18.6319,46.0622
5367.1875,26.6837,56.3809
5375.0000,29.1631,59.9488
5382.8125,18.9755,50.2455
5390.6250,14.3720,45.8534
5398.4375,9.1445,39.9831
5406.2500,3.1798,35.0577
5414.0625,10.4609,38.1977
5421.8750,9.3475,28.5894
5429.6875,12.3156,26.8718
5437.5000,4.7892,21.7968
5445.3125,13.8468,32.8898
5453.1250,21.7195,34.8951
5460.9375,26.9828,43.4981
5468.7500,21.4637,34.6907
5476.5625,30.9697,53.7846
5484.3750,23.6343,61.1053
5492.1875,25.5505,64.7831
5500.0000,21.2107,51.1131
5507.8125,22.9624,48.5237
5515.6250,23.7444,51.1308
5523.4375,29.1565,42.1674
5531.2500,25.7439,26.5335
5539.0625,13.1432,13.6626
5546.8750,19.6573,19.4085
5554.6875,16.0806,17.3156
5562.5000,21.7936,31.1811
5570.3125,18.8581,33.6788
5578.1250,29.5334,50.5247
5585.9375,26.2815,47.4103
5593.7500,26.4258,64.1088
5601.5625,28.7725,56.4621
5609.3750,49.6710,44.4569
5617.1875,37.4186,36.9888
5625.0000,36.0330,45.1068
5632.8125,26.8801,39.7375
5640.6250,13.2559,27.0263
5648.4375,13.4157,30.4577
5656.2500,16.2764,36.1518
5664.0625,24.2876,49.0430
5671.8750,29.0528,47.4696
5679.6875,35.1324,51.8562
5687.5000,26.1302,44.5936
5695.3125,26.5554,51.0087
5703.1250,21.1135,38.3807
5710.9375,30.0932,38.0833
5718.7500,22.4827,28.7812
5726.5625,32.5376,40.8514
5734.3750,26.8053,40.3793
5742.1875,19.6302,44.0024
5750.0000,28.0818,45.7863
5757.8125,45.5371,56.0477
5765.6250,54.0954,68.0614
5773.4375,58.1346,75.8576
5781.2500,49.5954,74.8639
5789.0625,32.3316,53.0554
5796.8750,29.0812,41.3748
5804.6875,21.0334,33.1325
5812.5000,28.0364,43.2597
5820.3125,18.5967,34.4952
5828.1250,23.3413,40.4315
5835.9375,21.4549,42.1636
5843.7500,30.0181,59.4248
5851.5625,30.7112,62.7153
5859.3750,40.1577,74.1902
5867.1875,44.7944,63.5949
5875.0000,46.5202,53.8379
5882.8125,35.4268,51.9783
5890.6250,25.0986,47.1136
5898.4375,19.0653,36.6477
5906.2500,22.6361,23.5442
5914.0625,27.3622,23.8842
5921.8750,22.2764,27.6008
5929.6875,22.3249,42.0137
5937.5000,12.3190,38.2025
5945.3125,24.3850,54.5442
5953.1250,23.5328,48.5320
5960.9375,36.0525,57.2827
5968.7500,28.6026,62.6841
5976.5625,32.0518,70.6491
5984.3750,34.4791,55.4121
5992.1875,27.2918,40.4989
6000.0000,23.3942,32.1471
6007.8125,32.3260,35.7393
6015.6250,25.9390,44.9330
6023.4375,20.5400,49.2530
6031.2500,19.9995,44.4201
6039.0625,15.3315,46.9994
6046.8750,26.1108,71.9543
6054.6875,21.6172,57.5305
6062.5000,18.8650,58.6609
6070.3125,14.9872,60.6340
6078.1250,36.6835,77.1742
6085.9375,32.4858,70.4190
6093.7500,38.2363,59.7015
6101.5625,34.4453,36.9405
6109.3750,34.7744,26.8343
6117.1875,33.5921,24.9682
6125.0000,32.9341,46.7982
6132.8125,34.7967,65.6967
6140.6250,28.9999,70.0736
6148.4375,19.6558,67.9885
6156.2500,14.3167,60.0135
6164.0625,14.9992,59.5466
6171.8750,9.9762,48.8478
6179.6875,19.2955,46.9392
6187.5000,24.6763,37.9278
6195.3125,36.2692,34.9364
6203.1250,24.6180,4.5133
6210.9375,26.4526,5.0965
6218.7500,27.3048,9.1984
6226.5625,35.1289,36.1864
6234.3750,17.5385,46.2776
6242.1875,9.5055,43.9136
6250.0000,11.5368,48.0299
6257.8125,13.8971,50.9692
6265.6250,16.6056,52.7410
6273.4375,11.9747,51.4666
6281.2500,24.5992,55.7095
6289.0625,29.6510,44.5429
6296.8750,39.3396,40.5605
6304.6875,43.2723,27.0175
6312.5000,53.1917,29.8563
6320.3125,36.5140,21.5235
6328.1250,31.0655,30.0852
6335.9375,18.0172,37.5775
6343.7500,16.2450,50.4224
6351.5625,11.2225,47.1518
6359.3750,15.8472,46.3395
6367.1875,14.6789,37.6459
6375.0000,18.1637,38.6845
6382.8125,18.8384,33.0540
6390.6250,27.1566,32.0530
6398.4375,35.0723,35.6793
6406.2500,24.2953,24.2932
6414.0625,29.2837,28.4262
6421.8750,22.4985,25.8525
6429.6875,24.1979,48.2334
6437.5000,18.3684,53.9202
6445.3125,28.4216,69.2271
6453.1250,17.6209,60.6985
6460.9375,14.3430,54.6357
6468.7500,13.5219,48.0137
6476.5625,22.0185,51.0256
6484.3750,18.2096,32.8446
6492.1875,20.1139,22.0416
6500.0000,24.7173,22.8966
6507.8125,26.0343,19.3599
6515.6250,29.6515,15.6875
6523.4375,26.9425,25.5297
6531.2500,25.2761,46.0209
6539.0625,13.4393,48.7872
6546.8750,20.4911,62.9344
6554.6875,13.4288,62.0779
6562.5000,15.0961,69.2861
6570.3125,6.0211,55.7512
6578.1250,14.1704,66.9742
6585.9375,16.5587,69.6569
6593.7500,24.0193,75.3738
6601.5625,22.9659,62.4299
6609.3750,30.5486,59.8958
6617.1875,34.9304,61.2718
6625.0000,38.5044,52.5253
6632.8125,35.3678,34.5664
6640.6250,28.2036,23.1993
6648.4375,34.1253,32.7307
6656.2500,30.6010,37.3147
6664.0625,21.5635,43.0430
6671.8750,2.7230,42.5571
6679.6875,9.5082,65.2935
6687.5000,5.4714,63.5886
6695.3125,18.2653,73.2555
6703.1250,17.4962,66.3311
6710.9375,25.8967,53.6405
6718.7500,12.7363,37.6783
6726.5625,2.2730,27.6099
6734.3750,-2.2858,10.1857
6742.1875,7.3626,11.5280
6750.0000,-7.9678,-4.6364
6757.8125,-12.4228,-10.5959
6765.6250,-4.8126,-18.0885
6773.4375,4.8043,-19.7180
6781.2500,6.0752,-4.4498
6789.0625,5.6414,8.1716
6796.8750,6.2109,22.4516
6804.6875,-9.6278,14.4126
6812.5000,-11.7846,11.1029
6820.3125,-22.0787,-5.5470
6828.1250,-17.6822,-1.9061
6835.9375,-19.5169,2.1448
6843.7500,-8.9138,20.2678
6851.5625,-15.9600,7.7686
6859.3750,-8.5971,1.1072
6867.1875,0.8544,0.1975
6875.0000,9.3465,13.5959
6882.8125,2.6306,16.5413
6890.6250,-0.7145,25.5952
6898.4375,-5.7161,32.1528
6906.2500,8.6875,32.7976
6914.0625,1.0659,28.7836
6921.8750,-9.6185,15.9689
6929.6875,4.1063,23.7896
6937.5000,-8.2857,20.8682
6945.3125,-2.7166,25.7323
6953.1250,2.7095,19.3821
6960.9375,6.3346,25.1826
6968.7500,1.2794,11.7350
6976.5625,4.7180,10.9978
6984.3750,1.5209,4.1406
6992.1875,15.4733,15.6117
7000.0000,8.2613,13.0022
7007.8125,5.7392,12.5447
7015.6250,3.1679,13.3865
7023.4375,-4.7527,10.7962
7031.2500,-12.4457,9.1038
7039.0625,-17.0260,10.0303
7046.8750,-11.1881,17.5568
7054.6875,-15.1750,15.6044
7062.5000,-8.7598,33.1277
7070.3125,-13.5651,26.6448
7078.1250,-5.4014,27.8286
7085.9375,-9.1793,31.1948
7093.7500,-14.6966,45.6136
7101.5625,-4.6939,40.1974
7109.3750,16.2078,43.0490
7117.1875,-2.9878,37.8302
7125.0000,-3.3753,43.7507
7132.8125,-3.9617,31.0717
7140.6250,-6.5792,24.5760
7148.4375,-5.1519,22.3025
7156.2500,-5.7058,19.3309
7164.0625,-9.6257,18.0688
7171.8750,-14.6574,10.2585
7179.6875,-2.3265,22.1240
7187.5000,-10.4454,13.5088
7195.3125,-13.7775,18.4426
7203.1250,-16.4933,21.7198
7210.9375,-9.5681,28.1228
7218.7500,-16.9106,20.4912
7226.5625,-7.7704,34.0435
7234.3750,-14.7928,28.3039
7242.1875,-14.4429,34.5379
7250.0000,-20.5030,30.3612
7257.8125,-18.3005,30.2436
7265.6250,-9.8995,27.0032
7273.4375,-9.1072,21.3664
7281.2500,-9.6468,28.6396
7289.0625,-16.3250,14.7163
7296.8750,-14.8525,4.2779
7304.6875,-24.5002,0.2013
7312.5000,-17.5427,14.4863
7320.3125,-22.6687,10.6678
7328.1250,-11.9344,22.0448
7335.9375,-9.1603,16.2956
7343.7500,-6.7718,19.1089
7351.5625,-14.6597,10.9708
7359.3750,-12.1850,10.1465
7367.1875,-26.2604,2.2632
7375.0000,-36.7355,-5.2004
7382.8125,-43.5919,-8.1044
7390.6250,-31.0879,5.8865
7398.4375,-24.1466,9.1869
7406.2500,-31.6476,5.2586
7414.0625,-27.6377,0.4627
7421.8750,-24.5645,-9.8656
7429.6875,-17.1604,-6.9216
7437.5000,-25.0852,-16.1609
7445.3125,-17.8794,-4.1253
7453.1250,-18.4157,-5.9202
7460.9375,-11.5479,7.4256
7468.7500,-22.3423,9.0832
7476.5625,-16.0118,18.5208
7484.3750,-15.9212,11.6573
7492.1875,-5.6223,18.5840
7500.0000,-8.7065,20.5937
7507.8125,-15.0590,18.1883
7515.6250,-14.2119,12.4675
7523.4375,-9.4963,11.4026
7531.2500,2.6195,13.8752
7539.0625,6.1012,2.2677
7546.8750,6.8016,0.0180
7554.6875,0.6899,1.5532
7562.5000,5.2225,15.6911
7570.3125,1.3606,8.5125
7578.1250,10.5865,22.0649
7585.9375,3.8897,19.7679
7593.7500,6.6996,25.2648
7601.5625,-1.4779,13.4941
7609.3750,2.4384,8.4492
7617.1875,1.8039,7.6837
7625.0000,5.8492,10.1568
7632.8125,5.7532,8.3292
7640.6250,2.6495,7.3496
7648.4375,6.6908,4.3070
7656.2500,9.1503,12.5498
7664.0625,13.0962,35.3235
7671.8750,11.7690,44.4314
7679.6875,18.6786,57.8927
7687.5000,2.4095,44.2434
7695.3125,4.2565,47.1596
7703.1250,-2.2387,35.9897
7710.9375,-2.8874,30.7176
7718.7500,-13.4870,16.7579
7726.5625,-3.9805,15.2345
7734.3750,-13.6986,0.5856
7742.1875,-9.2941,-10.0312
7750.0000,-1.5290,-27.8857
7757.8125,-4.7370,-27.8309
7765.6250,-2.6174,-17.3956
7773.4375,-3.3698,-9.1344
7781.2500,-4.6546,0.9329
7789.0625,-11.2368,-0.3582
7796.8750,-5.3488,11.3875
7804.6875,-15.8417,0.8945
7812.5000,-14.0662,4.2868
7820.3125,-20.3645,-6.7166
7828.1250,-14.9994,-14.1843
7835.9375,-18.0493,-34.0638
7843.7500,-5.7233,-35.4053
7851.5625,-5.5652,-40.7660
7859.3750,-3.4074,-39.1791
7867.1875,-14.0565,-45.8221
7875.0000,-8.3846,-27.4675
7882.8125,-0.6889,-12.2164
7890.6250,1.2624,-1.8951
7898.4375,7.6758,16.0620
7906.2500,2.6423,20.8859
7914.0625,8.8770,34.3099
7921.8750,13.3714,30.8756
7929.6875,13.4292,32.0794
7937.5000,15.2555,24.9079
7945.3125,33.7241,28.3064
7953.1250,18.0386,11.8183
7960.9375,9.4727,10.2004
7968.7500,3.8529,4.0887
7976.5625,14.1874,16.7519
7984.3750,11.8758,18.2122
7992.1875,16.2954,27.7052
8000.0000,17.2057,28.0500
8007.8125,15.0545,27.8209
8015.6250,14.6256,34.7117
8023.4375,9.2871,28.4517
8031.2500,9.6347,19.2728
8039.0625,5.6475,11.5713
8046.8750,12.4644,21.3114
8054.6875,6.9083,15.3336
8062.5000,12.5840,32.9553
8070.3125,14.0871,42.6905
8078.1250,24.3951,58.3183
8085.9375,19.2535,56.3254
8093.7500,25.6642,68.6554
8101.5625,10.6668,67.1019
8109.3750,5.7637,74.1569
8117.1875,4.9156,73.4650
8125.0000,4.3364,69.5518
8132.8125,0.1150,62.4174
8140.6250,-3.0408,55.0829
8148.4375,2.7290,56.4599
8156.2500,4.8466,58.1912
8164.0625,13.0547,61.2686
8171.8750,10.1483,60.4667
8179.6875,16.5894,68.7207
8187.5000,10.4333,50.7040
8195.3125,12.6860,47.5548
8203.1250,4.6704,35.8329
8210.9375,9.2369,32.8524
8218.7500,-1.5511,8.5924
8226.5625,-2.2264,6.4940
8234.3750,-9.8141,-3.5476
8242.1875,-6.1192,-10.1190
8250.0000,-3.8256,-13.6688
8257.8125,-2.1728,-9.0184
8265.6250,4.9639,-0.8605
8273.4375,-4.8409,-7.1677
8281.2500,-4.5538,-0.7918
8289.0625,-9.9679,-5.5371
8296.8750,-15.0002,-0.9586
8304.6875,-19.5382,-7.7146
8312.5000,-14.9359,-4.2479
8320.3125,-17.4608,-6.1436
8328.1250,0.7607,10.0324
8335.9375,10.7068,14.3849
8343.7500,14.9017,34.9790
8351.5625,7.3716,35.6639
8359.3750,25.3519,37.3478
8367.1875,17.0999,36.8238
8375.0000,12.9952,38.0427
8382.8125,8.9957,35.8138
8390.6250,6.0026,31.7402
8398.4375,8.3734,30.9013
8406.2500,1.4783,18.9379
8414.0625,16.6890,24.1887
8421.8750,21.0426,19.9754
8429.6875,28.0377,24.1247
8437.5000,22.4880,24.7658
8445.3125,20.8302,36.4076
8453.1250,9.8119,26.4166
8460.9375,7.9405,30.5854
8468.7500,-0.3385,23.9663
8476.5625,10.2082,30.6108
8484.3750,-0.0242,23.8551
8492.1875,-2.2442,21.8563
8500.0000,-2.8614,18.5258
8507.8125,-5.8706,13.2537
8515.6250,3.3985,8.6981
8523.4375,6.7792,5.5116
8531.2500,9.1383,18.5808
8539.0625,0.1574,21.9276
8546.8750,-1.8505,35.1199
8554.6875,-1.3641,34.5904
8562.5000,13.0338,49.5015
8570.3125,2.4300,39.6709
8578.1250,8.5543,39.0370
8585.9375,-2.5619,33.9944
8593.7500,3.8470,36.1751
8601.5625,22.6984,23.0381
8609.3750,24.5394,23.9844
8617.1875,15.6239,19.9342
8625.0000,2.2791,9.2104
8632.8125,-8.7474,6.7895
8640.6250,-4.2385,13.5188
8648.4375,-4.6458,20.8272
8656.2500,-21.1785,20.7470
8664.0625,-17.9165,32.0492
8671.8750,-18.4770,20.7191
8679.6875,-13.5392,26.9583
8687.5000,-22.8775,14.8507
8695.3125,-16.5619,12.7944
8703.1250,-21.3458,2.5797
8710.9375,-21.6030,10.4149
8718.7500,-23.5597,13.0045
8726.5625,-15.2265,14.4678
8734.3750,-19.0110,-2.4558
8742.1875,-17.3035,8.2844
8750.0000,-13.8418,17.7554
8757.8125,-5.6143,16.6543
8765.6250,0.8208,28.7622
8773.4375,-3.6798,28.7075
8781.2500,-0.0865,33.3208
8789.0625,-2.1644,22.1687
8796.8750,-8.4274,28.7407
8804.6875,-18.1164,24.2382
8812.5000,-4.6193,25.2466
8820.3125,-16.4024,9.0396
8828.1250,-12.3032,9.3190
8835.9375,-12.2020,10.5168
8843.7500,-5.7182,31.2598
8851.5625,-7.4917,39.3019
8859.3750,-6.0797,48.2504
8867.1875,-10.2686,43.0970
8875.0000,-6.2146,43.9060
8882.8125,-0.0047,56.1293
8890.6250,3.2918,58.5616
8898.4375,4.7964,56.7161
8906.2500,-2.8935,39.3225
8914.0625,2.6725,38.3165
8921.8750,1.6124,22.8086
8929.6875,7.6991,12.3175
8937.5000,-5.9129,-12.1823
8945.3125,0.2206,1.3398
8953.1250,3.8927,18.2920
8960.9375,15.6670,44.3672
8968.7500,11.5784,50.9894
8976.5625,7.8242,56.8231
8984.3750,-6.4062,54.0784
8992.1875,-8.0064,52.1254
9000.0000,-2.5523,49.1443
9007.8125,1.0342,50.2712
9015.6250,1.3116,50.8377
9023.4375,6.0996,43.5572
9031.2500,12.0109,45.0758
9039.0625,3.4728,34.7870
9046.8750,7.7857,29.5991
9054.6875,-4.0745,16.0113
9062.5000,9.5467,37.7137
9070.3125,15.2374,48.9589
9078.1250,22.1527,58.6077
9085.9375,13.5467,53.3521
9093.7500,12.9671,53.2523
9101.5625,3.1666,30.3953
9109.3750,-1.0909,21.2882
9117.1875,-4.5026,22.9284
9125.0000,0.4961,19.8206
9132.8125,3.7311,20.7163
9140.6250,-2.3943,19.9887
9148.4375,0.4544,24.5451
9156.2500,-0.2931,18.7074
9164.0625,-0.4258,20.0827
9171.8750,-10.8534,16.9634
9179.6875,-8.8320,30.8676
9187.5000,-15.4161,28.6691
9195.3125,4.3939,50.7737
9203.1250,5.3923,52.4531
9210.9375,11.3275,53.3670
9218.7500,2.6121,32.5316
9226.5625,-0.5643,21.1812
9234.3750,3.9572,20.4519
9242.1875,3.8393,16.9210
9250.0000,10.9748,21.8247
9257.8125,15.2919,20.3041
9265.6250,12.6671,21.8671
9273.4375,9.9617,23.6686
9281.2500,18.3183,33.9433
9289.0625,17.4192,24.3285
9296.8750,21.7711,25.2013
9304.6875,17.0488,17.5503
9312.5000,23.7651,22.3729
9320.3125,19.5832,22.6288
9328.1250,30.6000,26.1460
9335.9375,18.9302,8.9592
9343.7500,15.9317,16.6605
9351.5625,9.1028,12.4496
9359.3750,13.9854,24.8265
9367.1875,20.7402,37.7002
9375.0000,14.0020,34.2347
9382.8125,13.6781,41.0996
9390.6250,8.6926,35.4355
9398.4375,11.7151,24.4692
9406.2500,15.5309,16.6310
9414.0625,25.0310,23.7770
9421.8750,18.2592,19.5711
9429.6875,28.5700,27.8774
9437.5000,22.7318,20.5621
9445.3125,19.6783,23.2213
9453.1250,17.8838,18.3639
9460.9375,27.2753,29.2945
9468.7500,17.6621,22.3407
9476.5625,18.9397,32.1280
9484.3750,16.7501,32.8883
9492.1875,13.8201,24.9008
9500.0000,16.4676,19.6777
9507.8125,16.9620,9.8188
9515.6250,23.5668,16.4270
9523.4375,23.6746,21.2955
9531.2500,33.9641,30.1941
9539.0625,28.3677,30.1294
9546.8750,37.1793,48.4264
9554.6875,39.4531,55.5310
9562.5000,34.6250,68.1757
9570.3125,18.7539,56.8205
9578.1250,24.6174,54.0181
9585.9375,18.3278,47.5346
9593.7500,22.1114,53.6640
9601.5625,22.3898,48.2518
9609.3750,24.7523,44.0970
9617.1875,32.2666,36.3582
9625.0000,36.5672,36.4753
9632.8125,35.9338,37.9804
9640.6250,28.0414,27.5650
9648.4375,27.2021,26.8748
9656.2500,18.9483,21.5205
9664.0625,22.7973,35.8432
9671.8750,18.8476,40.1782
9679.6875,29.9679,58.6250
9687.5000,22.7122,41.4164
9695.3125,34.5322,41.3339
9703.1250,36.5703,40.2063
9710.9375,37.4335,37.4160
9718.7500,-20.9338,7.4211
9726.5625,-26.4337,7.0695
9734.3750,-29.4709,1.3049
9742.1875,-27.6197,7.8874
9750.0000,-28.0054,20.5633
9757.8125,-18.2125,35.0207
9765.6250,-23.2891,28.9405
9773.4375,-9.8572,41.2102
9781.2500,-10.3076,31.8689
9789.0625,-6.1593,31.5805
9796.8750,-21.4404,23.2379
9804.6875,-26.3463,29.9415
9812.5000,-34.4996,12.6802
9820.3125,-29.2982,12.2065
9828.1250,-29.8695,21.5603
9835.9375,-31.3172,28.8601
9843.7500,-18.0910,39.5184
9851.5625,-8.8561,47.4598
9859.3750,-0.4658,59.6651
9867.1875,-8.6741,44.5409
9875.0000,-9.3850,42.4963
9882.8125,-12.8912,35.0956
9890.6250,-5.6759,28.1940
9898.4375,-8.2846,12.1212
9906.2500,-1.1779,14.9724
9914.0625,-4.2529,5.6012
9921.8750,-5.4483,9.2509
9929.6875,-18.9060,3.8129
9937.5000,-16.3083,10.7770
9945.3125,-23.1038,16.4419
9953.1250,-18.7372,28.8570
9960.9375,-0.4495,32.7247
9968.7500,0.7533,30.1294
9976.5625,-3.3152,38.1510
9984.3750,-7.0751,33.6737
9992.1875,-4.0929,29.3536
10000.0000,-8.0319,14.0594
